"\N","\N","\N","\N","\N","1600","\N","\N","\N","\N","dokumentarisch","\N","\N","T","\N","\N","\N","\N","\N","||","10,5 x 13,0; 5,0 x 2,5","1997-06-05","\N","\N","\N","\N","\N","\N","\N","1897","\N","Reinhardt, K.","\N","\N","\N","\N","||","\N","\N","\N","\N","\N","\N","\N","\N","\N","\N","\N","\N","\N","\N","\N","\N","Papyrus","\N","\N","1026 a 1+2; 5 x 7 KB","T","\N","\N","\N","\N","\N","\N","\N","\N","1","\N","\N","4.9.1954 Prof. Hansen, Berlin
19.11.1971 Prof. Humbach, Mainz
26.2.1973 D. Weber, Göttingen
15.9.1982 D. Weber
1991/92 D. Weber","D. Weber, Corpus Inscriptionum Iranicarum III Phalavi Inscriptions: Ostraca, Papyri und Pergamente, London 1992, P. 61.","\N","\N","Rückseite frei","Vorderseite","\N","\N","Pahl.","\N","\N","\N","\N","\N","\N","\N","\N","\N","\N","\N","\N","\N","\N"
"\N","\N","\N","a","\N","1601","\N","\N","\N","\N","dokumentarisch","\N","\N","T","\N","\N","\N","\N","\N","||","16,5 x 9,0; 9,5 x 5,0; 4,0 x 12,0","1998-07-04","\N","\N","\N","\N","\N","\N","\N","1897","\N","Reinhardt, K.","\N","\N","\N","\N","||","\N","\N","\N","\N","\N","\N","\N","\N","\N","\N","\N","\N","\N","\N","\N","\N","Papyrus","\N","\N","1028 g 5+6; 5 x 7; KB","T","\N","\N","\N","\N","\N","\N","\N","\N","2","\N","\N","4.9.1954 Prof. Hansen, Berlin
19.11.1971 Prof. Humbach, Mainz
15.9.1982 D. Weber
1991/92 D. Weber","D. Weber, Corpus Inscriptionum Iranicarum III Phalavi Inscriptions: Ostraca, Papyri und Pergamente, London 1992, P. 62.","\N","\N","s. eigenen Datensatz","recto","\N","\N","Pahl.","\N","\N","\N","\N","\N","\N","\N","\N","\N","\N","\N","\N","\N","\N"
"\N","\N","\N","a","\N","1601","\N","\N","\N","\N","dokumentarisch","\N","\N","T","\N","\N","\N","\N","\N","||","16,5 x 9,0; 9,5 x 5,0; 4,0 x 12,0","1998-07-04","\N","\N","\N","\N","\N","\N","\N","1897","\N","Reinhardt, K.","\N","\N","\N","\N","||","\N","\N","\N","\N","\N","\N","\N","\N","\N","\N","\N","\N","\N","\N","\N","\N","Papyrus","\N","\N","1028 g 5+6; 5 x 7; KB","T","\N","\N","\N","\N","\N","\N","\N","\N","2","\N","\N","4.9.1954 Prof. Hansen, Berlin
19.11.1971 Prof. Humbach, Mainz
15.9.1982 D. Weber
1991/92 D. Weber","D. Weber, Corpus Inscriptionum Iranicarum III Phalavi Inscriptions: Ostraca, Papyri und Pergamente, London 1992, P. 62.","\N","\N","s. eigenen Datensatz","verso","\N","\N","Pahl.","\N","\N","\N","\N","\N","\N","\N","\N","\N","\N","\N","\N","\N","\N"
"\N","\N","\N","\N","\N","1602","\N","\N","\N","\N","dokumentarisch","\N","\N","T","\N","\N","\N","\N","\N","|12,5|","\N","1998-07-04","\N","\N","\N","\N","\N","\N","\N","1897","\N","Reinhardt, K.","\N","\N","\N","\N","|9,5|","\N","\N","\N","\N","\N","\N","\N","\N","\N","\N","\N","\N","\N","\N","\N","\N","Papyrus","\N","\N","1026 a 3+4; 5 x 7; KB","T","\N","\N","\N","\N","\N","\N","\N","\N","3","\N","\N","4.9.1954 Prof. Hansen, Berlin
19.11.1971 Prof. Humbach, Mainz
15.9.1982 D. Weber
1991/92 D. Weber","D. Weber, Corpus Inscriptionum Iranicarum III Phalavi Inscriptions: Ostraca, Papyri und Pergamente, London 1992, P. 63.","\N","\N","s. eigenen Datensatz","recto","\N","\N","Pahl.","\N","\N","\N","\N","\N","\N","\N","\N","\N","\N","\N","\N","\N","\N"
"\N","\N","\N","\N","\N","1602","\N","\N","\N","\N","dokumentarisch","\N","\N","T","\N","\N","\N","\N","\N","|12,5|","\N","1998-07-04","\N","\N","\N","\N","\N","\N","\N","1897","\N","Reinhardt, K.","\N","\N","\N","\N","|9,5|","\N","\N","\N","\N","\N","\N","\N","\N","\N","\N","\N","\N","\N","\N","\N","\N","Papyrus","\N","\N","1026 a 3+4; 5 x 7; KB","T","\N","\N","\N","\N","\N","\N","\N","\N","3","\N","\N","4.9.1954 Prof. Hansen, Berlin
19.11.1971 Prof. Humbach, Mainz
15.9.1982 D. Weber
1991/92 D. Weber","D. Weber, Corpus Inscriptionum Iranicarum III Phalavi Inscriptions: Ostraca, Papyri und Pergamente, London 1992, P. 63.","\N","\N","s. eigenen Datensatz","verso","\N","\N","Pahl.","\N","\N","\N","\N","\N","\N","\N","\N","\N","\N","\N","\N","\N","\N"
"\N","\N","\N","a","\N","1603","\N","\N","\N","\N","dokumentarisch","\N","\N","T","\N","\N","\N","\N","\N","||","12,5 x 9,5; 8,5 x 6,5; 5,0 x 4,5 - 4,7 x 16,0 jetzt P.Heid. Inv. Pahl. 40.","1998-07-04","\N","\N","\N","\N","\N","\N","\N","1897","\N","Reinhardt, K.","\N","\N","\N","\N","||","\N","\N","\N","\N","\N","\N","\N","\N","\N","\N","\N","\N","\N","\N","\N","\N","Papyrus","\N","\N","1029 a 1+2; 5 x 7; KB","T","\N","\N","\N","\N","\N","\N","\N","\N","4","\N","\N","4.9.1954 Prof. Hansen, Berlin
19.11.1971 Prof. Humbach, Mainz
15.9.1982 D. Weber
1991/92 D. Weber","D. Weber, Corpus Inscriptionum Iranicarum III Phalavi Inscriptions: Ostraca, Papyri und Pergamente, London 1992, P. 64.","\N","\N","Rückseite frei","Vorderseite","\N","\N","Pahl.","\N","\N","\N","\N","\N","\N","\N","\N","\N","\N","\N","\N","\N","\N"
"\N","\N","\N","a","\N","1604","\N","\N","\N","\N","dokumentarisch","\N","\N","T","\N","\N","\N","\N","\N","|17,0|","s. auch Pahl 6 und 7 (8/91).","1998-07-04","\N","\N","\N","\N","\N","\N","\N","1897","\N","Reinhardt, K.","\N","\N","\N","\N","|8,5|","\N","\N","\N","\N","\N","\N","\N","\N","\N","\N","\N","\N","\N","\N","\N","\N","Papyrus","\N","\N","1026 a 5+6; 5 x 7; KB","T","\N","\N","\N","\N","\N","\N","\N","\N","5","\N","\N","4.9.1954 Prof. Hansen, Berlin
19.11.1971 Prof. Humbach, Mainz
15.9.1982 D. Weber
1991/92 D. Weber","D. Weber, Corpus Inscriptionum Iranicarum III Phalavi Inscriptions: Ostraca, Papyri und Pergamente, London 1992, P. 65.","\N","\N","Rückseite frei","Vorderseite","\N","\N","Pahl.","\N","\N","\N","\N","\N","\N","\N","\N","\N","\N","\N","\N","\N","\N"
"\N","\N","\N","a","\N","1604","\N","\N","\N","\N","dokumentarisch","\N","\N","T","\N","\N","\N","\N","\N","|13,0|","zwischenzeitlich P.Heid. Inv. Pahl. 5","1998-07-04","\N","\N","\N","\N","\N","\N","\N","\N","\N","\N","\N","\N","\N","\N","|12,5|","\N","\N","\N","\N","\N","\N","\N","\N","\N","\N","\N","\N","\N","\N","\N","\N","Papyrus","\N","\N","1026 b 1+2","T","\N","\N","\N","\N","\N","\N","\N","\N","6","\N","\N","4.9.1954 Prof. Hansen, Berlin
19.11.1971 Prof. Humbach, Mainz
15.9.1982 D. Weber
1991/92 D. Weber","D. Weber, Corpus Inscriptionum Iranicarum III Phalavi Inscriptions: Ostraca, Papyri und Pergamente, London 1992, P. 66.","\N","\N","Rückseite frei","Vorderseite","\N","\N","Pahl.","\N","\N","\N","\N","\N","\N","\N","\N","\N","\N","\N","\N","\N","\N"
"\N","\N","\N","c","\N","1604","\N","\N","\N","\N","dokumentarisch","\N","\N","T","\N","\N","\N","\N","\N","||","12,0 x 7,5; 4,0 x 7,0; - andere Fragmente s.  P.Heid. Inv. Pahl. 37-39.","1998-07-04","\N","\N","\N","\N","\N","\N","\N","1897","\N","Reinhardt, K.","\N","\N","\N","\N","||","\N","\N","\N","\N","\N","\N","\N","\N","\N","\N","\N","\N","\N","\N","\N","\N","Papyrus","\N","\N","1026 b 3+4; 5 x 7; KB","T","\N","\N","\N","\N","\N","\N","\N","\N","7","\N","\N","4.9.1954 Prof. Hansen, Berlin
19.11.1971 Prof. Humbach, Mainz
15.9.1982 D. Weber
1991/92 D. Weber","D. Weber, Corpus Inscriptionum Iranicarum III Phalavi Inscriptions: Ostraca, Papyri und Pergamente, London 1992, P. 67.","\N","\N","s. eigenen Datensatz","recto","\N","\N","Pahl.","\N","\N","\N","\N","\N","\N","\N","\N","\N","\N","\N","\N","\N","\N"
"\N","\N","\N","c","\N","1604","\N","\N","\N","\N","dokumentarisch","\N","\N","T","\N","\N","\N","\N","\N","||","12,0 x 7,5; 4,0 x 7,0; - andere Fragmente s.  P.Heid. Inv. Pahl. 37-39.","1998-07-04","\N","\N","\N","\N","\N","\N","\N","1897","\N","Reinhardt, K.","\N","\N","\N","\N","||","\N","\N","\N","\N","\N","\N","\N","\N","\N","\N","\N","\N","\N","\N","\N","\N","Papyrus","\N","\N","1026 b 3+4; 5 x 7; KB","T","\N","\N","\N","\N","\N","\N","\N","\N","7","\N","\N","4.9.1954 Prof. Hansen, Berlin
19.11.1971 Prof. Humbach, Mainz
15.9.1982 D. Weber
1991/92 D. Weber","D. Weber, Corpus Inscriptionum Iranicarum III Phalavi Inscriptions: Ostraca, Papyri und Pergamente, London 1992, P. 67.","\N","\N","s. eigenen Datensatz","verso","\N","\N","Pahl.","\N","\N","\N","\N","\N","\N","\N","\N","\N","\N","\N","\N","\N","\N"
"\N","\N","\N","d","\N","1604","\N","\N","\N","\N","dokumentarisch","\N","\N","T","\N","\N","\N","\N","\N","||","11,5 x 17,0 und zwei kleine Fragmente","1998-07-04","\N","\N","\N","\N","\N","\N","\N","1897","\N","Reinhardt, K.","\N","\N","\N","\N","||","\N","\N","\N","\N","\N","\N","\N","\N","\N","\N","\N","\N","\N","\N","\N","\N","Papyrus","\N","\N","1026 b 5+7; KB","T","\N","\N","\N","\N","\N","\N","\N","\N","8","\N","\N","4.9.1954 Prof. Hansen, Berlin
19.11.1971 Prof. Humbach, Mainz
15.9.1982 D. Weber
1991/92 D. Weber","D. Weber, Corpus Inscriptionum Iranicarum III Phalavi Inscriptions: Ostraca, Papyri und Pergamente, London 1992, P. 68.","\N","\N","verso frei","recto","\N","\N","Pahl.","\N","\N","\N","\N","\N","\N","\N","\N","\N","\N","\N","\N","\N","\N"
"\N","\N","\N","\N","\N","1605","\N","\N","\N","\N","dokumentarisch","\N","\N","T","\N","\N","\N","\N","\N","|15,2|","\N","1998-07-04","\N","\N","\N","\N","\N","\N","\N","1897","\N","Reinhardt, K.","\N","\N","\N","\N","|14,0|","\N","\N","\N","\N","\N","\N","\N","\N","\N","\N","\N","\N","\N","\N","\N","\N","Papyrus","\N","\N","1029 a 3-5, b 1-3; 5 x 7; KB","T","\N","\N","\N","\N","\N","\N","\N","\N","9","\N","\N","4.9.1954 Prof. Hansen, Berlin
19.11.1971 Prof. Humbach, Mainz
15.9.1982 D. Weber
25.7.1985 Prof. Najmabadi, Heidelberg
1991/92 D. Weber","D. Weber, Corpus Inscriptionum Iranicarum III Phalavi Inscriptions: Ostraca, Papyri und Pergamente, London 1992, P. 69.","\N","\N","Rückseite frei","Vorderseite","\N","\N","Pahl.","\N","\N","\N","\N","\N","\N","\N","\N","\N","\N","\N","\N","\N","\N"
"\N","\N","\N","b","\N","13","\N","\N","\N","\N","dokumentarisch","\N","\N","T","\N","\N","\N","\N","\N","|16,0|","\N","1998-07-04","\N","\N","\N","\N","\N","\N","\N","1897","\N","Reinhardt, K.","\N","\N","\N","\N","|11,0|","\N","\N","\N","\N","\N","\N","\N","\N","\N","\N","\N","\N","\N","\N","\N","\N","Papyrus","\N","\N","\N","T","\N","\N","\N","\N","\N","\N","\N","\N","10","\N","\N","1991/92 D. Weber","D. Weber, Corpus Inscriptionum Iranicarum III Phalavi Inscriptions: Ostraca, Papyri und Pergamente, London 1992, P. 70.","\N","\N","Rückseite frei","Vorderseite","\N","\N","Pahl.","\N","\N","\N","\N","\N","\N","\N","\N","\N","\N","\N","\N","\N","\N"
"\N","\N","\N","b","\N","1607","\N","\N","\N","\N","dokumentarisch","\N","\N","T","\N","\N","\N","\N","\N","||","4,5 x 5,5; 8,0 x 11,5; 7,5 x 6,0; 3,3 x 5,0; 1,0 x 3,5","1998-07-04","\N","\N","\N","\N","\N","\N","\N","1897","\N","Reinhardt, K.","\N","\N","\N","\N","||","\N","\N","\N","\N","\N","\N","\N","\N","\N","\N","\N","\N","\N","\N","\N","\N","Papyrus","\N","\N","1028 b 4-6; 5 x 7; KB","T","\N","\N","\N","\N","\N","\N","\N","\N","11","\N","\N","4.9.1954 Prof. Hansen, Berlin
19.11.1971 Prof. Humbach, Mainz
26.2.1973 D. Weber, Göttingen
15.9.1982 D. Weber
1991/92 D. Weber","D. Weber, Corpus Inscriptionum Iranicarum III Phalavi Inscriptions: Ostraca, Papyri und Pergamente, London 1992, P. 71.","\N","\N","Rückseite frei","Vorderseite","\N","\N","Pahl.","\N","\N","\N","\N","\N","\N","\N","\N","\N","\N","\N","\N","\N","\N"
"\N","\N","\N","\N","\N","1608","\N","\N","\N","\N","dokumentarisch","\N","\N","T","\N","\N","\N","\N","\N","||","17,0 x 16,0; 8,5 x 7,0; 16,0 x 3,2; s.  auch P.Heid. Inv. Pahl. 34","1998-07-04","\N","\N","\N","\N","\N","\N","\N","1897","\N","Reinhardt, K.","\N","\N","\N","\N","||","\N","\N","\N","\N","\N","\N","\N","\N","\N","\N","\N","\N","\N","\N","\N","\N","Papyrus","\N","\N","1029 f 1-3; 5 x 7; KB","T","\N","\N","\N","\N","\N","\N","\N","\N","12","\N","\N","4.9.1954 Prof. Hansen, Berlin
19.11.1971 Prof. Humbach, Mainz
15.9.1982 D. Weber
1991/92 D. Weber","D. Weber, Corpus Inscriptionum Iranicarum III Phalavi Inscriptions: Ostraca, Papyri und Pergamente, London 1992, P. 72.","\N","\N","Rückseite frei","Vorderseite","\N","\N","Pahl.","\N","\N","\N","\N","\N","\N","\N","\N","\N","\N","\N","\N","\N","\N"
"\N","\N","\N","\N","\N","1609","\N","\N","\N","\N","dokumentarisch","\N","\N","T","\N","\N","\N","\N","\N","|14,0|","\N","1998-07-07","\N","\N","\N","\N","\N","\N","\N","1897","\N","Reinhardt, K.","\N","\N","\N","\N","|21,0|","\N","\N","\N","\N","\N","\N","\N","\N","\N","\N","\N","\N","\N","\N","\N","\N","Papyrus","\N","\N","1029 f 4+5; 5 x 7; KB","T","\N","\N","\N","\N","\N","\N","\N","\N","13","\N","\N","4.9.1954 Prof. Hansen, Berlin
19.11.1971 Prof. Humbach, Mainz
15.9.1982 D. Weber
25.7.1985 Prof. Najmabadi, Heidelberg
1991/92 D. Weber","D. Weber, Corpus Inscriptionum Iranicarum III Phalavi Inscriptions: Ostraca, Papyri und Pergamente, London 1992, P. 73.","\N","\N","s. eigenen Datensatz","recto","\N","\N","Pahl.","\N","\N","\N","\N","\N","\N","\N","\N","\N","\N","\N","\N","\N","\N"
"\N","\N","\N","\N","\N","1609","\N","\N","\N","\N","dokumentarisch","\N","\N","T","\N","\N","\N","\N","\N","|14,0|","\N","1998-07-07","\N","\N","\N","\N","\N","\N","\N","1897","\N","Reinhardt, K.","\N","\N","\N","\N","|21,0|","\N","\N","\N","\N","\N","\N","\N","\N","\N","\N","\N","\N","\N","\N","\N","\N","Papyrus","\N","\N","1029 f 4+5; 5 x 7; KB","T","\N","\N","\N","\N","\N","\N","\N","\N","13","\N","\N","4.9.1954 Prof. Hansen, Berlin
19.11.1971 Prof. Humbach, Mainz
15.9.1982 D. Weber
25.7.1985 Prof. Najmabadi, Heidelberg
1991/92 D. Weber","D. Weber, Corpus Inscriptionum Iranicarum III Phalavi Inscriptions: Ostraca, Papyri und Pergamente, London 1992, P. 73.","\N","\N","s. eigenen Datensatz","verso","\N","\N","Pahl.","\N","\N","\N","\N","\N","\N","\N","\N","\N","\N","\N","\N","\N","\N"
"\N","\N","\N","\N","\N","1610","\N","\N","\N","\N","dokumentarisch","\N","\N","T","\N","\N","\N","\N","\N","|14,0|","\N","1998-07-07","\N","\N","\N","\N","\N","\N","\N","1897","\N","Reinhardt, K.","\N","\N","\N","\N","|25,0|","\N","\N","\N","\N","\N","\N","\N","\N","\N","\N","\N","\N","\N","\N","\N","\N","Papyrus","\N","\N","1029 g 1+2; 5 x 7; KB","T","\N","\N","\N","\N","\N","\N","\N","\N","14","\N","\N","4.9.1954 Prof. Hansen, Berlin
19.11.1971 Prof. Humbach, Mainz
15.9.1982 D. Weber
25.7.1985 Prof. Najmabadi, Heidelberg
1991/92 D. Weber","D. Weber, Corpus Inscriptionum Iranicarum III Phalavi Inscriptions: Ostraca, Papyri und Pergamente, London 1992, P. 74.","\N","\N","s. eigenen Datensatz","recto","\N","\N","Pahl.","\N","\N","\N","\N","\N","\N","\N","\N","\N","\N","\N","\N","\N","\N"
"\N","\N","\N","\N","\N","1610","\N","\N","\N","\N","dokumentarisch","\N","\N","T","\N","\N","\N","\N","\N","|14,0|","\N","1998-07-07","\N","\N","\N","\N","\N","\N","\N","1897","\N","Reinhardt, K.","\N","\N","\N","\N","|25,0|","\N","\N","\N","\N","\N","\N","\N","\N","\N","\N","\N","\N","\N","\N","\N","\N","Papyrus","\N","\N","1029 g 1+2; 5 x 7; KB","T","\N","\N","\N","\N","\N","\N","\N","\N","14","\N","\N","4.9.1954 Prof. Hansen, Berlin
19.11.1971 Prof. Humbach, Mainz
15.9.1982 D. Weber
25.7.1985 Prof. Najmabadi, Heidelberg
1991/92 D. Weber","D. Weber, Corpus Inscriptionum Iranicarum III Phalavi Inscriptions: Ostraca, Papyri und Pergamente, London 1992, P. 74.","\N","\N","s. eigenen Datensatz","verso","\N","\N","Pahl.","\N","\N","\N","\N","\N","\N","\N","\N","\N","\N","\N","\N","\N","\N"
"\N","\N","\N","\N","\N","1611","\N","\N","\N","\N","dokumentarisch","\N","\N","T","\N","\N","\N","\N","\N","|16,0|","\N","1998-07-07","\N","\N","\N","\N","\N","\N","\N","1897","\N","Reinhardt, K.","\N","\N","\N","\N","|9,5|","\N","\N","\N","\N","\N","\N","\N","\N","\N","\N","\N","\N","\N","\N","\N","\N","Papyrus","\N","\N","1026 c 3+4; 5 x 7; KB","T","\N","\N","\N","\N","\N","\N","\N","\N","15","\N","\N","4.9.1954 Prof. Hansen, Berlin
19.11.1971 Prof. Humbach, Mainz
15.9.1982 D. Weber
25.7.1985 Prof. Najmabadi, Heidelberg
1991/92 D. Weber","D. Weber, Corpus Inscriptionum Iranicarum III Phalavi Inscriptions: Ostraca, Papyri und Pergamente, London 1992, P. 75.","\N","\N","Rückseite frei","Vorderseite","\N","\N","Pahl.","\N","\N","\N","\N","\N","\N","\N","\N","\N","\N","\N","\N","\N","\N"
"\N","\N","\N","\N","\N","1612","\N","\N","\N","\N","dokumentarisch","\N","\N","T","\N","\N","\N","\N","\N","|15,7|","\N","1998-07-07","\N","\N","\N","\N","\N","\N","\N","1897","\N","Reinhardt, K.","\N","\N","\N","\N","|10,5|","\N","\N","\N","\N","\N","\N","\N","\N","\N","\N","\N","\N","\N","\N","\N","\N","Papyrus","\N","\N","1026 c 5+6; 5 x 7; KB","T","\N","\N","\N","\N","\N","\N","\N","\N","16","\N","\N","4.9.1954 Prof. Hansen, Berlin
19.11.1971 Prof. Humbach, Mainz
15.9.1982 D. Weber
1991/92 D. Weber","D. Weber, Corpus Inscriptionum Iranicarum III Phalavi Inscriptions: Ostraca, Papyri und Pergamente, London 1992, P. 76.","\N","\N","Rückseite frei","Vorderseite","\N","\N","Pahl.","\N","\N","\N","\N","\N","\N","\N","\N","\N","\N","\N","\N","\N","\N"
"\N","\N","\N","b","\N","1616","\N","\N","\N","\N","dokumentarisch","\N","\N","T","\N","\N","von der alten Nr. 17 wurden am 6.8.91 die Fragmente Pal 45, 46, 48, 56-60 neu inventarisiert (Zachmann).","\N","\N","|10,0|","\N","1998-07-07","\N","\N","\N","\N","\N","\N","\N","1897","\N","Reinhardt, K.","\N","\N","\N","\N","|5,0|","\N","\N","\N","\N","\N","\N","\N","\N","\N","\N","\N","\N","\N","\N","\N","\N","Pergament","\N","\N","1028 e + f 1-6; 5 x 7; KB","T","\N","\N","\N","\N","\N","\N","\N","\N","17","\N","\N","4.9.1954 Prof. Hansen, Berlin
19.11.1971 Prof. Humbach, Mainz
15.9.1982 D. Weber
1991/92 D. Weber","D. Weber, Corpus Inscriptionum Iranicarum III Phalavi Inscriptions: Ostraca, Papyri und Pergamente, London 1992, P. 77.","\N","\N","Rückseite frei","Vorderseite","\N","\N","Pahl.","\N","\N","\N","\N","\N","\N","\N","\N","\N","\N","\N","\N","\N","\N"
"\N","\N","\N","\N","\N","1617","\N","\N","\N","\N","dokumentarisch","\N","\N","T","\N","\N","\N","\N","\N","|5,0|","\N","1998-07-07","\N","\N","\N","\N","\N","\N","\N","1897","\N","Reinhardt, K.","\N","\N","\N","\N","|10,3|","\N","\N","\N","\N","\N","\N","\N","\N","\N","\N","\N","\N","\N","\N","\N","\N","Papyrus","\N","\N","1026 d 1-4; 5 x 7; KB","T","\N","\N","\N","\N","\N","\N","\N","\N","18","\N","\N","4.9.1954 Prof. Hansen, Berlin
19.11.1971 Prof. Humbach, Mainz
15.9.1982 D. Weber
1991/92 D. Weber","D. Weber, Corpus Inscriptionum Iranicarum III Phalavi Inscriptions: Ostraca, Papyri und Pergamente, London 1992, P. 78.","\N","\N","s. eigenen Datensatz","recto","\N","\N","Pahl.","\N","\N","\N","\N","\N","\N","\N","\N","\N","\N","\N","\N","\N","\N"
"\N","\N","\N","\N","\N","1617","\N","\N","\N","\N","dokumentarisch","\N","\N","T","\N","\N","\N","\N","\N","|5,0|","\N","1998-07-07","\N","\N","\N","\N","\N","\N","\N","1897","\N","Reinhardt, K.","\N","\N","\N","\N","|10,3|","\N","\N","\N","\N","\N","\N","\N","\N","\N","\N","\N","\N","\N","\N","\N","\N","Papyrus","\N","\N","1026 d 1-4; 5 x 7; KB","T","\N","\N","\N","\N","\N","\N","\N","\N","18","\N","\N","4.9.1954 Prof. Hansen, Berlin
19.11.1971 Prof. Humbach, Mainz
15.9.1982 D. Weber
1991/92 D. Weber","D. Weber, Corpus Inscriptionum Iranicarum III Phalavi Inscriptions: Ostraca, Papyri und Pergamente, London 1992, P. 78.","\N","\N","s. eigenen Datensatz","verso","\N","\N","Pahl.","\N","\N","\N","\N","\N","\N","\N","\N","\N","\N","\N","\N","\N","\N"
"\N","\N","\N","\N","\N","1620","\N","\N","\N","\N","dokumentarisch","\N","\N","T","\N","\N","Auf dem Verso ist die Schrift des Rekto sichtbar.","\N","\N","|15,0|","\N","1998-07-07","\N","\N","\N","\N","\N","\N","\N","1897","\N","Reinhardt, K.","\N","\N","\N","\N","|6,6|","\N","\N","\N","\N","\N","\N","\N","\N","\N","\N","\N","\N","\N","\N","\N","\N","Papyrus","\N","\N","1026 d 5+6, e 1+2; 5 x 7; KB","T","\N","\N","\N","\N","\N","\N","\N","\N","19","\N","\N","4.9.1954 Prof. Hansen, Berlin
19.11.1971 Prof. Humbach, Mainz
14.1.1972 D. Weber, Göttingen
15.9.1982 D. Weber
1991/92 D. Weber","D. Weber, Corpus Inscriptionum Iranicarum III Phalavi Inscriptions: Ostraca, Papyri und Pergamente, London 1992, P. 79.","\N","\N","Rückseite frei","Vorderseite","\N","\N","Pahl.","\N","\N","\N","\N","\N","\N","\N","\N","\N","\N","\N","\N","\N","\N"
"\N","\N","\N","\N","\N","1614","\N","\N","\N","\N","dokumentarisch","\N","\N","T","\N","\N","\N","\N","\N","|17,0|","\N","1998-07-07","1. Hälfte ","\N","\N","\N","\N","\N","\N","1897","\N","Reinhardt, K.","\N","\N","\N","\N","|27,5|","\N","\N","\N","\N","7","\N","\N","\N","\N","\N","\N","\N","\N","\N","\N","\N","Papyrus","\N","\N","1029 g 3+4; 9 x 12","T","\N","\N","\N","\N","\N","\N","\N","\N","20","\N","\N","4.9.1954 Prof. Hansen, Berlin
19.11.1971 Prof. Humbach, Mainz
15.9.1982 D. Weber
1991/92 D. Weber","D. Weber, Corpus Inscriptionum Iranicarum III Phalavi Inscriptions: Ostraca, Papyri und Pergamente, London 1992, P. 80.","\N","\N","Rückseite frei","Vorderseite","\N","\N","Pahl.","\N","\N","\N","\N","\N","\N","\N","\N","\N","\N","\N","\N","\N","\N"
"\N","\N","\N","\N","\N","1615","\N","\N","\N","\N","dokumentarisch","\N","\N","T","\N","\N","\N","\N","\N","|6,5|","\N","1998-07-07","\N","\N","\N","\N","\N","\N","\N","1897","\N","Reinhardt, K.","\N","\N","\N","\N","|11,0|","\N","\N","\N","\N","\N","\N","\N","\N","\N","\N","\N","\N","\N","\N","\N","\N","Papyrus","\N","\N","1026 e 3-5, f 1-3","T","\N","\N","\N","\N","\N","\N","\N","\N","21","\N","\N","4.9.1954 Prof. Hansen, Berlin
19.11.1971 Prof. Humbach, Mainz
15.9.1982 D. Weber
25.7.1985 Prof. Najmabadi, Heidelberg
1991/92 D. Weber","D. Weber, Corpus Inscriptionum Iranicarum III Phalavi Inscriptions: Ostraca, Papyri und Pergamente, London 1992, P. 81; ders., Ein bisher unbekannter Titel aus spät-sassanidischer Zeit?, Corolla Iranica 1991, 228-236.","\N","\N","s. eigenen Datensatz","recto","\N","\N","Pahl.","\N","\N","\N","\N","\N","\N","\N","\N","\N","\N","\N","\N","\N","\N"
"\N","\N","\N","\N","\N","1615","\N","\N","\N","\N","dokumentarisch","\N","\N","T","\N","\N","\N","\N","\N","|6,5|","\N","1998-07-07","\N","\N","\N","\N","\N","\N","\N","1897","\N","Reinhardt, K.","\N","\N","\N","\N","|11,0|","\N","\N","\N","\N","\N","\N","\N","\N","\N","\N","\N","\N","\N","\N","\N","\N","Papyrus","\N","\N","1026 e 3-5, f 1-3","T","\N","\N","\N","\N","\N","\N","\N","\N","21","\N","\N","4.9.1954 Prof. Hansen, Berlin
19.11.1971 Prof. Humbach, Mainz
15.9.1982 D. Weber
25.7.1985 Prof. Najmabadi, Heidelberg
1991/92 D. Weber","D. Weber, Corpus Inscriptionum Iranicarum III Phalavi Inscriptions: Ostraca, Papyri und Pergamente, London 1992, P. 81; ders., Ein bisher unbekannter Titel aus spät-sassanidischer Zeit?, Corolla Iranica 1991, 228-236.","\N","\N","s. eigenen Datensatz","verso","\N","\N","Pahl.","\N","\N","\N","\N","\N","\N","\N","\N","\N","\N","\N","\N","\N","\N"
"\N","\N","\N","b","\N","1604","\N","\N","\N","\N","dokumentarisch","\N","\N","T","\N","\N","\N","\N","\N","|6,5|","zwischenzeitlich Inv Pahl 6 b","1998-07-07","\N","\N","\N","\N","\N","\N","\N","1897","\N","Reinhardt, K.","\N","\N","\N","\N","|14,2|","\N","\N","\N","\N","\N","\N","\N","\N","\N","\N","\N","\N","\N","\N","\N","\N","Papyrus","\N","\N","1026 f 4+5","T","\N","\N","\N","\N","\N","\N","\N","\N","22","\N","\N","4.9.1954 Prof. Hansen, Berlin
19.11.1971 Prof. Humbach, Mainz
15.9.1982 D. Weber
1991/92 D. Weber","D. Weber, Corpus Inscriptionum Iranicarum III Phalavi Inscriptions: Ostraca, Papyri und Pergamente, London 1992, P. 82.","\N","\N","Rückseite frei","Vorderseite","\N","\N","Pahl.","\N","\N","\N","\N","\N","\N","\N","\N","\N","\N","\N","\N","\N","\N"
"\N","\N","\N","a","\N","1604","\N","\N","\N","\N","dokumentarisch","\N","\N","T","\N","\N","\N","\N","\N","|14,0|","zwischenzeitlich Inv Pahl 5","1998-07-07","\N","\N","\N","\N","\N","\N","\N","1897","\N","Reinhardt, K.","\N","\N","\N","\N","|10,0|","\N","\N","\N","\N","\N","\N","\N","\N","\N","\N","\N","\N","\N","\N","\N","\N","Papyrus","\N","\N","1026 g 1+2","T","\N","\N","\N","\N","\N","\N","\N","\N","23","\N","\N","4.9.1954 Prof. Hansen, Berlin
19.11.1971 Prof. Humbach, Mainz
15.9.1982 D. Weber
1991/92 D. Weber","D. Weber, Corpus Inscriptionum Iranicarum III Phalavi Inscriptions: Ostraca, Papyri und Pergamente, London 1992, P. 83.","\N","\N","Rückseite frei","Vorderseite","\N","\N","Pahl.","\N","\N","\N","\N","\N","\N","\N","\N","\N","\N","\N","\N","\N","\N"
"\N","\N","\N","\N","\N","34","\N","\N","\N","\N","dokumentarisch","\N","\N","T","\N","\N","\N","\N","\N","|9,5|","\N","1998-07-07","\N","\N","\N","\N","\N","\N","\N","1897","\N","Reinhardt, K.","\N","\N","\N","\N","|6,7|","\N","\N","\N","\N","\N","\N","\N","\N","\N","\N","\N","\N","\N","\N","\N","\N","Papyrus","\N","\N","1001 d 3+4 (unter alt Pahl 34); 1026 g 3+4; 1028 g 1-4","T","\N","\N","\N","\N","\N","\N","\N","\N","24","\N","\N","1991/92 D. Weber","D. Weber, Corpus Inscriptionum Iranicarum III Phalavi Inscriptions: Ostraca, Papyri und Pergamente, London 1992, P. 84.","\N","\N","s. eigenen Datensatz","recto","\N","\N","Pahl.","\N","\N","\N","\N","\N","\N","\N","\N","\N","\N","\N","\N","\N","\N"
"\N","\N","\N","\N","\N","34","\N","\N","\N","\N","dokumentarisch","\N","\N","T","\N","\N","\N","\N","\N","|9,5|","\N","1998-07-07","\N","\N","\N","\N","\N","\N","\N","1897","\N","Reinhardt, K.","\N","\N","\N","\N","|6,7|","\N","\N","\N","\N","\N","\N","\N","\N","\N","\N","\N","\N","\N","\N","\N","\N","Papyrus","\N","\N","1001 d 3+4 (unter alt Pahl 34); 1026 g 3+4; 1028 g 1-4","T","\N","\N","\N","\N","\N","\N","\N","\N","24","\N","\N","1991/92 D. Weber","D. Weber, Corpus Inscriptionum Iranicarum III Phalavi Inscriptions: Ostraca, Papyri und Pergamente, London 1992, P. 84.","\N","\N","s. eigenen Datensatz","verso","\N","\N","Pahl.","\N","\N","\N","\N","\N","\N","\N","\N","\N","\N","\N","\N","\N","\N"
"\N","\N","\N","\N","\N","33","\N","\N","\N","\N","dokumentarisch","\N","\N","T","\N","\N","\N","\N","\N","||","6,5 x 8,2; 3,3, x 5,0; 1,2 x 2,5","1998-07-07","\N","\N","\N","\N","\N","\N","\N","\N","\N","alter Bestand","\N","\N","\N","\N","||","\N","\N","\N","\N","\N","\N","\N","\N","\N","\N","\N","\N","\N","\N","\N","\N","Papyrus","\N","\N","1060 b 1+2","T","\N","\N","\N","\N","\N","\N","\N","\N","25","\N","\N","1991/92 D. Weber","D. Weber, Corpus Inscriptionum Iranicarum III Phalavi Inscriptions: Ostraca, Papyri und Pergamente, London 1992, P. 85.","\N","\N","Rückseite frei","Vorderseite","\N","\N","Pahl.","\N","\N","\N","\N","\N","\N","\N","\N","\N","\N","\N","\N","\N","\N"
"\N","\N","\N","\N","\N","32","\N","\N","\N","\N","dokumentarisch","\N","\N","T","\N","\N","\N","\N","\N","|5,0|","\N","1998-07-07","\N","\N","\N","\N","\N","\N","\N","\N","\N","alter Bestand","\N","\N","\N","\N","|6,5|","\N","\N","\N","\N","\N","\N","\N","\N","\N","\N","\N","\N","\N","\N","\N","\N","Papyrus","\N","\N","1060 b 3+4","T","\N","\N","\N","\N","\N","\N","\N","\N","26","\N","\N","1991/92 D. Weber","D. Weber, Corpus Inscriptionum Iranicarum III Phalavi Inscriptions: Ostraca, Papyri und Pergamente, London 1992, P. 86.","\N","\N","Rückseite frei","Vorderseite","\N","\N","Pahl.","\N","\N","\N","\N","\N","\N","\N","\N","\N","\N","\N","\N","\N","\N"
"\N","\N","\N","\N","\N","\N","\N","\N","\N","\N","dokumentarisch","\N","\N","T","\N","\N","\N","\N","\N","|4,0|","\N","1998-07-07","\N","\N","\N","\N","\N","\N","\N","\N","\N","alter Bestand","\N","\N","\N","\N","|4,5|","\N","\N","\N","\N","\N","\N","\N","\N","\N","\N","\N","\N","\N","\N","\N","\N","Papyrus","\N","\N","1060 b 5+6","T","\N","\N","\N","\N","\N","\N","\N","\N","27","\N","\N","1991/92 D. Weber","D. Weber, Corpus Inscriptionum Iranicarum III Phalavi Inscriptions: Ostraca, Papyri und Pergamente, London 1992, P. 87.","\N","\N","Rückseite frei","Vorderseite","\N","\N","Pahl.","\N","\N","\N","\N","\N","\N","\N","\N","\N","\N","\N","\N","\N","\N"
"\N","\N","\N","\N","\N","\N","\N","\N","\N","\N","dokumentarisch","\N","\N","T","\N","\N","\N","\N","\N","|7,5|","\N","1998-07-07","\N","\N","\N","\N","\N","\N","\N","\N","\N","alter Bestand","\N","\N","\N","\N","|10,0|","\N","\N","\N","\N","\N","\N","\N","\N","\N","\N","\N","\N","\N","\N","\N","\N","Papyrus","\N","\N","1060 c 1-4","T","\N","\N","\N","\N","\N","\N","\N","\N","28","\N","\N","1991/92 D. Weber","D. Weber, Corpus Inscriptionum Iranicarum III Phalavi Inscriptions: Ostraca, Papyri und Pergamente, London 1992, P. 88.","\N","\N","Rückseite frei","Vorderseite","\N","\N","Pahl.","\N","\N","\N","\N","\N","\N","\N","\N","\N","\N","\N","\N","\N","\N"
"\N","\N","\N","\N","\N","\N","\N","\N","\N","\N","dokumentarisch","\N","\N","T","\N","\N","\N","\N","\N","||","5,5 x 4,0; 5,5 x 3,4; 4,5 x 3,0; 2,3 x 2,4","1998-07-07","\N","\N","\N","\N","\N","\N","\N","\N","\N","alter Bestand","\N","\N","\N","\N","||","\N","\N","\N","\N","\N","\N","\N","\N","\N","\N","\N","\N","\N","\N","\N","\N","Papyrus","\N","\N","1060 c 5+6","T","\N","\N","\N","\N","\N","\N","\N","\N","29","\N","\N","1991/92 D. Weber","D. Weber, Corpus Inscriptionum Iranicarum III Phalavi Inscriptions: Ostraca, Papyri und Pergamente, London 1992, P. 89.","\N","\N","Rückseite frei","Vorderseite","\N","\N","Pahl.","\N","\N","\N","\N","\N","\N","\N","\N","\N","\N","\N","\N","\N","\N"
"\N","\N","\N","b","\N","1603","\N","\N","\N","\N","dokumentarisch","\N","\N","T","\N","\N","\N","\N","\N","|16,5|","alte Inv.-Nr. 1603 b 1+2; zwischenzeitlich Pahl 22 c + 23 b","1998-07-07","\N","\N","\N","\N","\N","\N","\N","1897","\N","Reinhardt, K.","\N","\N","\N","\N","|14,5|","\N","\N","\N","\N","\N","\N","\N","\N","\N","\N","\N","\N","\N","\N","\N","\N","Papyrus","\N","\N","1060 d 1+2","T","\N","\N","\N","\N","\N","\N","\N","\N","30","\N","\N","4.9.1954 Prof. Hansen, Berlin
19.11.1971 Prof. Humbach, Mainz
15.9.1982 D. Weber
1991/92 D. Weber","D. Weber, Corpus Inscriptionum Iranicarum III Phalavi Inscriptions: Ostraca, Papyri und Pergamente, London 1992, P. 90.","\N","\N","Rückseite frei","Vorderseite","\N","\N","Pahl.","\N","\N","\N","\N","\N","\N","\N","\N","\N","\N","\N","\N","\N","\N"
"\N","\N","\N","b","\N","1603","\N","\N","\N","\N","dokumentarisch","\N","\N","T","\N","\N","\N","\N","\N","||","alte Inv.-Nr. 1603 b 1; zwischenzeitlich Pahl 22 d
16,5 x 9,0; 6,2 x 4,5","1998-07-07","\N","\N","\N","\N","\N","\N","\N","1897","\N","Reinhardt, K.","\N","\N","\N","\N","||","\N","\N","\N","\N","\N","\N","\N","\N","\N","\N","\N","\N","\N","\N","\N","\N","Papyrus","\N","\N","1060 d 3+4","T","\N","\N","\N","\N","\N","\N","\N","\N","31","\N","\N","4.9.1954 Prof. Hansen, Berlin
19.11.1971 Prof. Humbach, Mainz
15.9.1982 D. Weber
1991/92 D. Weber","D. Weber, Corpus Inscriptionum Iranicarum III Phalavi Inscriptions: Ostraca, Papyri und Pergamente, London 1992, P. 91.","\N","\N","Rückseite frei","Vorderseite","\N","\N","Pahl.","\N","\N","\N","\N","\N","\N","\N","\N","\N","\N","\N","\N","\N","\N"
"\N","\N","\N","b","\N","1603","\N","\N","\N","\N","dokumentarisch","\N","\N","T","\N","\N","\N","\N","\N","|12,0|","alte Inv.-Nr. 1603 b 1; zwischenzeitlich Pahl 22 a","1998-07-07","\N","\N","\N","\N","\N","\N","\N","1897","\N","Reinhardt, K.","\N","\N","\N","\N","|19,0|","\N","\N","\N","\N","\N","\N","\N","\N","\N","\N","\N","\N","\N","\N","\N","\N","Papyrus","\N","\N","1029 c 3+4","T","\N","\N","\N","\N","\N","\N","\N","\N","32","\N","\N","4.9.1954 Prof. Hansen, Berlin
19.11.1971 Prof. Humbach, Mainz
15.9.1982 D. Weber
1991/92 D. Weber","D. Weber, Corpus Inscriptionum Iranicarum III Phalavi Inscriptions: Ostraca, Papyri und Pergamente, London 1992, P. 92.","\N","\N","Rückseite frei","Vorderseite","\N","\N","Pahl.","\N","\N","\N","\N","\N","\N","\N","\N","\N","\N","\N","\N","\N","\N"
"\N","\N","\N","b","\N","1603","\N","\N","\N","\N","dokumentarisch","\N","\N","T","\N","\N","\N","\N","\N","|7,0|","alte Inv.-Nr. 1603 b 1; zwischenzeitlich Pahl 22 b","1998-07-07","\N","\N","\N","\N","\N","\N","\N","1897","\N","Reinhardt, K.","\N","\N","\N","\N","|13,0|","\N","\N","\N","\N","\N","\N","\N","\N","\N","\N","\N","\N","\N","\N","\N","\N","Papyrus","\N","\N","1027 a 5+6","T","\N","\N","\N","\N","\N","\N","\N","\N","33","\N","\N","4.9.1954 Prof. Hansen, Berlin
19.11.1971 Prof. Humbach, Mainz
15.9.1982 D. Weber
1991/92 D. Weber","D. Weber, Corpus Inscriptionum Iranicarum III Phalavi Inscriptions: Ostraca, Papyri und Pergamente, London 1992, P. 93.","\N","\N","Rückseite frei","Vorderseite","\N","\N","Pahl.","\N","\N","\N","\N","\N","\N","\N","\N","\N","\N","\N","\N","\N","\N"
"\N","\N","\N","\N","\N","\N","\N","\N","\N","\N","dokumentarisch","\N","\N","T","\N","\N","\N","\N","\N","|15,0|","\N","1998-07-07","\N","\N","\N","\N","\N","\N","\N","1897","\N","Reinhardt, K.","\N","\N","\N","\N","|14,0|","\N","\N","\N","\N","\N","\N","\N","\N","\N","\N","\N","\N","\N","\N","\N","\N","Papyrus","\N","\N","1029 a 1-4","T","\N","\N","\N","\N","\N","\N","\N","\N","34","\N","\N","4.9.1954 Prof. Hansen, Berlin
19.11.1971 Prof. Humbach, Mainz
15.9.1982 D. Weber
1991/92 D. Weber","D. Weber, Corpus Inscriptionum Iranicarum III Phalavi Inscriptions: Ostraca, Papyri und Pergamente, London 1992, P. 94.","\N","\N","Rückseite frei","Vorderseite","\N","\N","Pahl.","\N","\N","\N","\N","\N","\N","\N","\N","\N","\N","\N","\N","\N","\N"
"\N","\N","\N","b","\N","1603","\N","\N","\N","\N","dokumentarisch","\N","\N","T","\N","\N","\N","\N","\N","|6,5|","alte Inv.-Nr. 1603 b 2; zwischenzeitlich Pahl 23  j","1998-07-07","\N","\N","\N","\N","\N","\N","\N","1897","\N","Reinhardt, K.","\N","\N","\N","\N","|5,0|","\N","\N","\N","\N","\N","\N","\N","\N","\N","\N","\N","\N","\N","\N","\N","\N","Papyrus","\N","\N","1027 b 1+2","T","\N","\N","\N","\N","\N","\N","\N","\N","35","\N","\N","4.9.1954 Prof. Hansen, Berlin
19.11.1971 Prof. Humbach, Mainz
15.9.1982 D. Weber
1991/92 D. Weber","D. Weber, Corpus Inscriptionum Iranicarum III Phalavi Inscriptions: Ostraca, Papyri und Pergamente, London 1992, P. 95.","\N","\N","Rückseite frei","Vorderseite","\N","\N","Pahl.","\N","\N","\N","\N","\N","\N","\N","\N","\N","\N","\N","\N","\N","\N"
"\N","\N","\N","b","\N","1603","\N","\N","\N","\N","dokumentarisch","\N","\N","T","\N","\N","\N","\N","\N","|16,0|","alte Inv.-Nr. 1603 b 2; zwischenzeitlich Pahl 23 d","1998-07-07","\N","\N","\N","\N","\N","\N","\N","1897","\N","Reinhardt, K.","\N","\N","\N","\N","|7,0|","\N","\N","\N","\N","\N","\N","\N","\N","\N","\N","\N","\N","\N","\N","\N","\N","Papyrus","\N","\N","1027 b 3+4","T","\N","\N","\N","\N","\N","\N","\N","\N","36","\N","\N","4.9.1954 Prof. Hansen, Berlin
19.11.1971 Prof. Humbach, Mainz
15.9.1982 D. Weber
1991/92 D. Weber","D. Weber, Corpus Inscriptionum Iranicarum III Phalavi Inscriptions: Ostraca, Papyri und Pergamente, London 1992, P. 96.","\N","\N","Rückseite frei","Vorderseite","\N","\N","Pahl.","\N","\N","\N","\N","\N","\N","\N","\N","\N","\N","\N","\N","\N","\N"
"\N","\N","\N","\N","\N","7","\N","\N","\N","\N","dokumentarisch","\N","\N","T","\N","\N","\N","\N","\N","|11,0|","\N","1998-07-09","\N","\N","\N","\N","\N","\N","\N","1897","\N","Reinhardt, K.","\N","\N","\N","\N","|8,0|","\N","\N","\N","\N","\N","\N","\N","\N","\N","\N","\N","\N","\N","\N","\N","\N","Papyrus","\N","\N","1027 b 5+6","T","\N","\N","\N","\N","\N","\N","\N","\N","37","\N","\N","1991/92 D. Weber (unter alter Inv. Nr. 7)","D. Weber, Corpus Inscriptionum Iranicarum III Phalavi Inscriptions: Ostraca, Papyri und Pergamente, London 1992, P. 97.","\N","\N","Rückseite frei","Vorderseite","\N","\N","Pahl.","\N","\N","\N","\N","\N","\N","\N","\N","\N","\N","\N","\N","\N","\N"
"\N","\N","\N","\N","\N","7","\N","\N","\N","\N","dokumentarisch","\N","\N","T","\N","\N","\N","\N","\N","||","16,0 x 5,0; 5,0 x 6,0; 3,0 x 2,5","1998-07-09","\N","\N","\N","\N","\N","\N","\N","1897","\N","Reinhardt, K.","\N","\N","\N","\N","||","\N","\N","\N","\N","\N","\N","\N","\N","\N","\N","\N","\N","\N","\N","\N","\N","Papyrus","\N","\N","1027 c 1+2","T","\N","\N","\N","\N","\N","\N","\N","\N","38","\N","\N","1991/92 D. Weber (unter alter Inv. Nr. 7)","D. Weber, Corpus Inscriptionum Iranicarum III Phalavi Inscriptions: Ostraca, Papyri und Pergamente, London 1992, P. 98.","\N","\N","Rückseite frei","Vorderseite","\N","\N","Pahl.","\N","\N","\N","\N","\N","\N","\N","\N","\N","\N","\N","\N","\N","\N"
"\N","\N","\N","\N","\N","7","\N","\N","\N","\N","dokumentarisch","\N","\N","T","\N","\N","\N","\N","\N","|9,0|","\N","1998-07-09","\N","\N","\N","\N","\N","\N","\N","1897","\N","Reinhardt, K.","\N","\N","\N","\N","|4,0|","\N","\N","\N","\N","\N","\N","\N","\N","\N","\N","\N","\N","\N","\N","\N","\N","Papyrus","\N","\N","1027 c 3+4","T","\N","\N","\N","\N","\N","\N","\N","\N","39","\N","\N","1991/92 D. Weber (unter alter Inv. Nr. 7)","D. Weber, Corpus Inscriptionum Iranicarum III Phalavi Inscriptions: Ostraca, Papyri und Pergamente, London 1992, P. 99.","\N","\N","Rückseite frei","Vorderseite","\N","\N","Pahl.","\N","\N","\N","\N","\N","\N","\N","\N","\N","\N","\N","\N","\N","\N"
"\N","\N","\N","a","\N","1603","\N","\N","\N","\N","dokumentarisch","\N","\N","T","\N","\N","\N","\N","\N","|4,7|","alte Inv.-Nr. 1603 a Frag. d; zwischenzeitlich Pahl 4","1998-07-09","\N","\N","\N","\N","\N","\N","\N","1897","\N","Reinhardt, K.","\N","\N","\N","\N","|16,5|","\N","\N","\N","\N","\N","\N","\N","\N","\N","\N","\N","\N","\N","\N","\N","\N","Papyrus","\N","\N","1027 c 5+6","T","\N","\N","\N","\N","\N","\N","\N","\N","40","\N","\N","4.9.1954 Prof. Hansen, Berlin
19.11.1971 Prof. Humbach, Mainz
15.9.1982 D. Weber
1991/92 D. Weber","D. Weber, Corpus Inscriptionum Iranicarum III Phalavi Inscriptions: Ostraca, Papyri und Pergamente, London 1992, P. 100.","\N","\N","Rückseite frei","Vorderseite","\N","\N","Pahl.","\N","\N","\N","\N","\N","\N","\N","\N","\N","\N","\N","\N","\N","\N"
"\N","\N","\N","b","\N","1603","\N","\N","\N","\N","dokumentarisch","\N","\N","T","\N","\N","\N","\N","\N","|10,0|","alte Inv.-Nr. 1603 b 2; zwischenzeitlich Pahl 23 a","1998-07-09","\N","\N","\N","\N","\N","\N","\N","1897","\N","Reinhardt, K.","\N","\N","\N","\N","|10,0|","\N","\N","\N","\N","\N","\N","\N","\N","\N","\N","\N","\N","\N","\N","\N","\N","Papyrus","\N","\N","1027 d 1+2","T","\N","\N","\N","\N","\N","\N","\N","\N","41","\N","\N","4.9.1954 Prof. Hansen, Berlin
19.11.1971 Prof. Humbach, Mainz
15.9.1982 D. Weber
1991/92 D. Weber","D. Weber, Corpus Inscriptionum Iranicarum III Phalavi Inscriptions: Ostraca, Papyri und Pergamente, London 1992, P. 101.","\N","\N","s. eigenen Datensatz","recto","\N","\N","Pahl.","\N","\N","\N","\N","\N","\N","\N","\N","\N","\N","\N","\N","\N","\N"
"\N","\N","\N","b","\N","1603","\N","\N","\N","\N","dokumentarisch","\N","\N","T","\N","\N","\N","\N","\N","|10,0|","alte Inv.-Nr. 1603 b 2; zwischenzeitlich Pahl 23 a","1998-07-09","\N","\N","\N","\N","\N","\N","\N","1897","\N","Reinhardt, K.","\N","\N","\N","\N","|10,0|","\N","\N","\N","\N","\N","\N","\N","\N","\N","\N","\N","\N","\N","\N","\N","\N","Papyrus","\N","\N","1027 d 1+2","T","\N","\N","\N","\N","\N","\N","\N","\N","41","\N","\N","4.9.1954 Prof. Hansen, Berlin
19.11.1971 Prof. Humbach, Mainz
15.9.1982 D. Weber
1991/92 D. Weber","D. Weber, Corpus Inscriptionum Iranicarum III Phalavi Inscriptions: Ostraca, Papyri und Pergamente, London 1992, P. 101.","\N","\N","s. eigenen Datensatz","verso","\N","\N","Pahl.","\N","\N","\N","\N","\N","\N","\N","\N","\N","\N","\N","\N","\N","\N"
"\N","\N","\N","b","\N","1604","\N","\N","\N","\N","dokumentarisch","\N","\N","T","\N","\N","\N","\N","\N","||","alte Inv.-Nr. 1604 b; zwischenzeitlich Pahl 6 d, e, f
16,0 x 14,0; 8,0 x 5,0; 6,0 x 5,0","1998-07-09","\N","\N","\N","\N","\N","\N","\N","1897","\N","Reinhardt, K.","\N","\N","\N","\N","||","\N","\N","\N","\N","\N","\N","\N","\N","\N","\N","\N","\N","\N","\N","\N","\N","Papyrus","\N","\N","1029 e 1-4","T","\N","\N","\N","\N","\N","\N","\N","\N","42","\N","\N","4.9.1954 Prof. Hansen, Berlin
19.11.1971 Prof. Humbach, Mainz
15.9.1982 D. Weber
1991/92 D. Weber","D. Weber, Corpus Inscriptionum Iranicarum III Phalavi Inscriptions: Ostraca, Papyri und Pergamente, London 1992, P. 102.","\N","\N","Rückseite frei","Vorderseite","\N","\N","Pahl.","\N","\N","\N","\N","\N","\N","\N","\N","\N","\N","\N","\N","\N","\N"
"\N","\N","\N","b","\N","1604","\N","\N","\N","\N","dokumentarisch","\N","\N","T","\N","\N","\N","\N","\N","||","alte Inv.-Nr. 1604 b; zwischenzeitlich Pahl 6 a, c
14, 5 x 4,5; 2,8 x 2,5","1998-07-09","\N","\N","\N","\N","\N","\N","\N","1897","\N","Reinhardt, K.","\N","\N","\N","\N","||","\N","\N","\N","\N","\N","\N","\N","\N","\N","\N","\N","\N","\N","\N","\N","\N","Papyrus","\N","\N","1027 d 3+4","T","\N","\N","\N","\N","\N","\N","\N","\N","43","\N","\N","4.9.1954 Prof. Hansen, Berlin
19.11.1971 Prof. Humbach, Mainz
15.9.1982 D. Weber
1991/92 D. Weber","D. Weber, Corpus Inscriptionum Iranicarum III Phalavi Inscriptions: Ostraca, Papyri und Pergamente, London 1992, P. 103.","\N","\N","Rückseite frei","Vorderseite","\N","\N","Pahl.","\N","\N","\N","\N","\N","\N","\N","\N","\N","\N","\N","\N","\N","\N"
"\N","\N","\N","b","\N","1603","\N","\N","\N","\N","dokumentarisch","\N","\N","T","\N","\N","\N","\N","\N","|8,0|","alte Inv.-Nr. 1603 b 2; zwischenzeitlich Pahl 23 u","1998-07-09","\N","\N","\N","\N","\N","\N","\N","1897","\N","Reinhardt, K.","\N","\N","\N","\N","|7,5|","\N","\N","\N","\N","\N","\N","\N","\N","\N","\N","\N","\N","\N","\N","\N","\N","Papyrus","\N","\N","1027 d 35+6","T","\N","\N","\N","\N","\N","\N","\N","\N","44","\N","\N","4.9.1954 Prof. Hansen, Berlin
19.11.1971 Prof. Humbach, Mainz
15.9.1982 D. Weber
1991/92 D. Weber","D. Weber, Corpus Inscriptionum Iranicarum III Phalavi Inscriptions: Ostraca, Papyri und Pergamente, London 1992, P. 104.","\N","\N","Rückseite frei","Vorderseite","\N","\N","Pahl.","\N","\N","\N","\N","\N","\N","\N","\N","\N","\N","\N","\N","\N","\N"
"\N","\N","\N","b","\N","1616","\N","\N","\N","\N","dokumentarisch","\N","\N","T","\N","\N","\N","\N","\N","|8,3|","alte Inv.-Nr. 1616; zwischenzeitlich Pahl 17 b","1998-07-09","\N","\N","\N","\N","\N","\N","\N","1897","\N","Reinhardt, K.","\N","\N","\N","\N","|4,0|","\N","\N","\N","\N","\N","\N","\N","\N","\N","\N","\N","\N","\N","\N","\N","\N","Pergament","\N","\N","1027 e 1-5","T","\N","\N","\N","\N","\N","\N","\N","\N","45","\N","\N","1991/92 D. Weber (unter alter Inv. Nr. 17 - s.d.)","D. Weber, Corpus Inscriptionum Iranicarum III Phalavi Inscriptions: Ostraca, Papyri und Pergamente, London 1992, P. 105.","\N","\N","Rückseite frei","Vorderseite","\N","\N","Pahl.","\N","\N","\N","\N","\N","\N","\N","\N","\N","\N","\N","\N","\N","\N"
"\N","\N","\N","\N","\N","17","\N","\N","\N","\N","dokumentarisch","\N","\N","T","\N","\N","\N","\N","\N","|3,7|","\N","1998-07-09","\N","\N","\N","\N","\N","\N","\N","1897","\N","Reinhardt, K.","\N","\N","\N","\N","|3,0|","\N","\N","\N","\N","\N","\N","\N","\N","\N","\N","\N","\N","\N","\N","\N","\N","Papyrus","\N","\N","1027 f 1-6","T","\N","\N","\N","\N","\N","\N","\N","\N","46","\N","\N","1991/92 D. Weber (unter alter Inv. Nr. 17 - s.d.)","D. Weber, Corpus Inscriptionum Iranicarum III Phalavi Inscriptions: Ostraca, Papyri und Pergamente, London 1992, P. 106.","\N","\N","s. eigenen Datensatz","recto","\N","\N","Pahl.","\N","\N","\N","\N","\N","\N","\N","\N","\N","\N","\N","\N","\N","\N"
"\N","\N","\N","\N","\N","17","\N","\N","\N","\N","dokumentarisch","\N","\N","T","\N","\N","\N","\N","\N","|3,7|","\N","1998-07-09","\N","\N","\N","\N","\N","\N","\N","1897","\N","Reinhardt, K.","\N","\N","\N","\N","|3,0|","\N","\N","\N","\N","\N","\N","\N","\N","\N","\N","\N","\N","\N","\N","\N","\N","Papyrus","\N","\N","1027 f 1-6","T","\N","\N","\N","\N","\N","\N","\N","\N","46","\N","\N","1991/92 D. Weber (unter alter Inv. Nr. 17 - s.d.)","D. Weber, Corpus Inscriptionum Iranicarum III Phalavi Inscriptions: Ostraca, Papyri und Pergamente, London 1992, P. 106.","\N","\N","s. eigenen Datensatz","verso","\N","\N","Pahl.","\N","\N","\N","\N","\N","\N","\N","\N","\N","\N","\N","\N","\N","\N"
"\N","\N","\N","b","\N","1603","\N","\N","\N","\N","dokumentarisch","\N","\N","T","\N","\N","\N","\N","\N","|5,0|","alte Inv.-Nr. 1603 b 2; zwischenzeitlich Pahl 23 e","1998-07-09","\N","\N","\N","\N","\N","\N","\N","1897","\N","Reinhardt, K.","\N","\N","\N","\N","|4,6|","\N","\N","\N","\N","\N","\N","\N","\N","\N","\N","\N","\N","\N","\N","\N","\N","Papyrus","\N","\N","1027 g 1+2","T","\N","\N","\N","\N","\N","\N","\N","\N","47","\N","\N","4.9.1954 Prof. Hansen, Berlin
19.11.1971 Prof. Humbach, Mainz
15.9.1982 D. Weber
1991/92 D. Weber","D. Weber, Corpus Inscriptionum Iranicarum III Phalavi Inscriptions: Ostraca, Papyri und Pergamente, London 1992, P. 107,1.","\N","\N","Rückseite frei","Vorderseite","\N","\N","Pahl.","\N","\N","\N","\N","\N","\N","\N","\N","\N","\N","\N","\N","\N","\N"
"\N","\N","\N","b","\N","1603","\N","\N","\N","\N","dokumentarisch","\N","\N","T","\N","\N","\N","\N","\N","|6,0|","alte Inv.-Nr. 1603 b 2; zwischenzeitlich Pahl 23 f","1998-07-09","\N","\N","\N","\N","\N","\N","\N","1897","\N","Reinhardt, K.","\N","\N","\N","\N","|4,5|","\N","\N","\N","\N","\N","\N","\N","\N","\N","\N","\N","\N","\N","\N","\N","\N","Papyrus","\N","\N","1027 g 3+4","T","\N","\N","\N","\N","\N","\N","\N","\N","48","\N","\N","4.9.1954 Prof. Hansen, Berlin
19.11.1971 Prof. Humbach, Mainz
15.9.1982 D. Weber
1991/92 D. Weber","D. Weber, Corpus Inscriptionum Iranicarum III Phalavi Inscriptions: Ostraca, Papyri und Pergamente, London 1992, P. 107,2.","\N","\N","Rückseite frei","Vorderseite","\N","\N","Pahl.","\N","\N","\N","\N","\N","\N","\N","\N","\N","\N","\N","\N","\N","\N"
"\N","\N","\N","b","\N","1603","\N","\N","\N","\N","dokumentarisch","\N","\N","T","\N","\N","\N","\N","\N","|1,6|","alte Inv.-Nr. 1603 b 2; zwischenzeitlich Pahl 23 h","1998-07-09","\N","\N","\N","\N","\N","\N","\N","1897","\N","Reinhardt, K.","\N","\N","\N","\N","|1,6|","\N","\N","\N","\N","\N","\N","\N","\N","\N","\N","\N","\N","\N","\N","\N","\N","Papyrus","\N","\N","1027 g 5+6","T","\N","\N","\N","\N","\N","\N","\N","\N","49","\N","\N","4.9.1954 Prof. Hansen, Berlin
19.11.1971 Prof. Humbach, Mainz
15.9.1982 D. Weber
1991/92 D. Weber","D. Weber, Corpus Inscriptionum Iranicarum III Phalavi Inscriptions: Ostraca, Papyri und Pergamente, London 1992, P. 107,3.","\N","\N","Rückseite frei","Vorderseite","\N","\N","Pahl.","\N","\N","\N","\N","\N","\N","\N","\N","\N","\N","\N","\N","\N","\N"
"\N","\N","\N","b","\N","1603","\N","\N","\N","\N","dokumentarisch","\N","\N","T","\N","\N","\N","\N","\N","|4,2|","alte Inv.-Nr. 1603 b 2; zwischenzeitlich Pahl 23 m","1998-07-09","\N","\N","\N","\N","\N","\N","\N","1897","\N","Reinhardt, K.","\N","\N","\N","\N","|6,0|","\N","\N","\N","\N","\N","\N","\N","\N","\N","\N","\N","\N","\N","\N","\N","\N","Papyrus","\N","\N","1028 a 1+2","T","\N","\N","\N","\N","\N","\N","\N","\N","50","\N","\N","4.9.1954 Prof. Hansen, Berlin
19.11.1971 Prof. Humbach, Mainz
15.9.1982 D. Weber
1991/92 D. Weber","D. Weber, Corpus Inscriptionum Iranicarum III Phalavi Inscriptions: Ostraca, Papyri und Pergamente, London 1992, P. 107,4.","\N","\N","Rückseite frei","Vorderseite","\N","\N","Pahl.","\N","\N","\N","\N","\N","\N","\N","\N","\N","\N","\N","\N","\N","\N"
"\N","\N","\N","b","\N","1603","\N","\N","\N","\N","dokumentarisch","\N","\N","T","\N","\N","\N","\N","\N","|0,8|","alte Inv.-Nr. 1603 b 2; zwischenzeitlich Pahl 23 g","1998-07-09","\N","\N","\N","\N","\N","\N","\N","1897","\N","Reinhardt, K.","\N","\N","\N","\N","|4,3|","\N","\N","\N","\N","\N","\N","\N","\N","\N","\N","\N","\N","\N","\N","\N","\N","Papyrus","\N","\N","1028 a 3+4","T","\N","\N","\N","\N","\N","\N","\N","\N","51","\N","\N","4.9.1954 Prof. Hansen, Berlin
19.11.1971 Prof. Humbach, Mainz
15.9.1982 D. Weber
1991/92 D. Weber","D. Weber, Corpus Inscriptionum Iranicarum III Phalavi Inscriptions: Ostraca, Papyri und Pergamente, London 1992, P. 107,5.","\N","\N","Rückseite frei","Vorderseite","\N","\N","Pahl.","\N","\N","\N","\N","\N","\N","\N","\N","\N","\N","\N","\N","\N","\N"
"\N","\N","\N","b","\N","1603","\N","\N","\N","\N","dokumentarisch","\N","\N","T","\N","\N","\N","\N","\N","|3,0|","alte Inv.-Nr. 1603 b 2; zwischenzeitlich Pahl 23 l","1998-07-09","\N","\N","\N","\N","\N","\N","\N","1897","\N","Reinhardt, K.","\N","\N","\N","\N","|4,5|","\N","\N","\N","\N","\N","\N","\N","\N","\N","\N","\N","\N","\N","\N","\N","\N","Papyrus","\N","\N","1028 a 5+6","T","\N","\N","\N","\N","\N","\N","\N","\N","52","\N","\N","4.9.1954 Prof. Hansen, Berlin
19.11.1971 Prof. Humbach, Mainz
15.9.1982 D. Weber
1991/92 D. Weber","D. Weber, Corpus Inscriptionum Iranicarum III Phalavi Inscriptions: Ostraca, Papyri und Pergamente, London 1992, P. 107,6.","\N","\N","Rückseite frei","Vorderseite","\N","\N","Pahl.","\N","\N","\N","\N","\N","\N","\N","\N","\N","\N","\N","\N","\N","\N"
"\N","\N","\N","b","\N","1603","\N","\N","\N","\N","dokumentarisch","\N","\N","T","\N","\N","\N","\N","\N","|2,0|","alte Inv.-Nr. 1603 b 2; zwischenzeitlich Pahl 23 k","1998-07-09","\N","\N","\N","\N","\N","\N","\N","1897","\N","Reinhardt, K.","\N","\N","\N","\N","|6,5|","\N","\N","\N","\N","\N","\N","\N","\N","\N","\N","\N","\N","\N","\N","\N","\N","Papyrus","\N","\N","1028 b 1+2","T","\N","\N","\N","\N","\N","\N","\N","\N","53","\N","\N","4.9.1954 Prof. Hansen, Berlin
19.11.1971 Prof. Humbach, Mainz
15.9.1982 D. Weber
1991/92 D. Weber","D. Weber, Corpus Inscriptionum Iranicarum III Phalavi Inscriptions: Ostraca, Papyri und Pergamente, London 1992, P. 107,7.","\N","\N","Rückseite frei","Vorderseite","\N","\N","Pahl.","\N","\N","\N","\N","\N","\N","\N","\N","\N","\N","\N","\N","\N","\N"
"\N","\N","\N","b","\N","1603","\N","\N","\N","\N","dokumentarisch","\N","\N","T","\N","\N","\N","\N","\N","|1,8|","alte Inv.-Nr. 1603 b 2; zwischenzeitlich Pahl 23 c","1998-07-09","\N","\N","\N","\N","\N","\N","\N","1897","\N","Reinhardt, K.","\N","\N","\N","\N","|4,0|","\N","\N","\N","\N","\N","\N","\N","\N","\N","\N","\N","\N","\N","\N","\N","\N","Papyrus","\N","\N","1028 b 3+4","T","\N","\N","\N","\N","\N","\N","\N","\N","54","\N","\N","4.9.1954 Prof. Hansen, Berlin
19.11.1971 Prof. Humbach, Mainz
15.9.1982 D. Weber
1991/92 D. Weber","D. Weber, Corpus Inscriptionum Iranicarum III Phalavi Inscriptions: Ostraca, Papyri und Pergamente, London 1992, P. 107,8.","\N","\N","Rückseite frei","Vorderseite","\N","\N","Pahl.","\N","\N","\N","\N","\N","\N","\N","\N","\N","\N","\N","\N","\N","\N"
"\N","\N","\N","\N","\N","28","\N","\N","\N","\N","dokumentarisch","\N","\N","T","\N","\N","\N","\N","\N","|4,7|","\N","1998-07-09","\N","\N","\N","\N","\N","\N","\N","1897","\N","Reinhardt, K.","\N","\N","\N","\N","|3,3|","\N","\N","\N","\N","\N","\N","\N","\N","\N","\N","\N","\N","\N","\N","\N","\N","Papyrus","\N","\N","1060 d 5+6","T","\N","\N","\N","\N","\N","\N","\N","\N","55","\N","\N","4.9.1954 Prof. Hansen, Berlin
19.11.1971 Prof. Humbach, Mainz
15.9.1982 D. Weber
1991/92 D. Weber","D. Weber, Corpus Inscriptionum Iranicarum III Phalavi Inscriptions: Ostraca, Papyri und Pergamente, London 1992, P. 107,9.","\N","\N","s. eigenen Datensatz","recto","\N","\N","Pahl.","\N","\N","\N","\N","\N","\N","\N","\N","\N","\N","\N","\N","\N","\N"
"\N","\N","\N","\N","\N","28","\N","\N","\N","\N","dokumentarisch","\N","\N","T","\N","\N","\N","\N","\N","|4,7|","\N","1998-07-09","\N","\N","\N","\N","\N","\N","\N","1897","\N","Reinhardt, K.","\N","\N","\N","\N","|3,3|","\N","\N","\N","\N","\N","\N","\N","\N","\N","\N","\N","\N","\N","\N","\N","\N","Papyrus","\N","\N","1060 d 5+6","T","\N","\N","\N","\N","\N","\N","\N","\N","55","\N","\N","4.9.1954 Prof. Hansen, Berlin
19.11.1971 Prof. Humbach, Mainz
15.9.1982 D. Weber
1991/92 D. Weber","D. Weber, Corpus Inscriptionum Iranicarum III Phalavi Inscriptions: Ostraca, Papyri und Pergamente, London 1992, P. 107,9.","\N","\N","s. eigenen Datensatz","verso","\N","\N","Pahl.","\N","\N","\N","\N","\N","\N","\N","\N","\N","\N","\N","\N","\N","\N"
"\N","\N","\N","b","\N","1616","\N","\N","\N","\N","dokumentarisch","\N","\N","T","\N","\N","\N","\N","\N","|1,5|","alte Inv.-Nr. 1616 b; zwischenzeitlich Pahl 17","1998-07-09","\N","\N","\N","\N","\N","\N","\N","1897","\N","Reinhardt, K.","\N","\N","\N","\N","|2,0|","\N","\N","\N","\N","\N","\N","\N","\N","\N","\N","\N","\N","\N","\N","\N","\N","Pergament","\N","\N","1028 b 5+6","T","\N","\N","\N","\N","\N","\N","\N","\N","56","\N","\N","1991/92 D. Weber (unter alter Inv.-Nr. 17 - s.d.)","D. Weber, Corpus Inscriptionum Iranicarum III Phalavi Inscriptions: Ostraca, Papyri und Pergamente, London 1992, P. 108,1.","\N","\N","s. eigenen Datensatz","recto","\N","\N","Pahl.","\N","\N","\N","\N","\N","\N","\N","\N","\N","\N","\N","\N","\N","\N"
"\N","\N","\N","b","\N","1616","\N","\N","\N","\N","dokumentarisch","\N","\N","T","\N","\N","\N","\N","\N","|1,5|","alte Inv.-Nr. 1616 b; zwischenzeitlich Pahl 17","1998-07-09","\N","\N","\N","\N","\N","\N","\N","1897","\N","Reinhardt, K.","\N","\N","\N","\N","|2,0|","\N","\N","\N","\N","\N","\N","\N","\N","\N","\N","\N","\N","\N","\N","\N","\N","Pergament","\N","\N","1028 b 5+6","T","\N","\N","\N","\N","\N","\N","\N","\N","56","\N","\N","1991/92 D. Weber (unter alter Inv.-Nr. 17 - s.d.)","D. Weber, Corpus Inscriptionum Iranicarum III Phalavi Inscriptions: Ostraca, Papyri und Pergamente, London 1992, P. 108,1.","\N","\N","s. eigenen Datensatz","verso","\N","\N","Pahl.","\N","\N","\N","\N","\N","\N","\N","\N","\N","\N","\N","\N","\N","\N"
"\N","\N","\N","b","\N","1616","\N","\N","\N","\N","dokumentarisch","\N","\N","T","\N","\N","\N","\N","\N","|1,0|","alte Inv.-Nr. 1616 b; zwischenzeitlich Pahl 17","1998-07-09","\N","\N","\N","\N","\N","\N","\N","1897","\N","Reinhardt, K.","\N","\N","\N","\N","|2,0|","\N","\N","\N","\N","\N","\N","\N","\N","\N","\N","\N","\N","\N","\N","\N","\N","Pergament","\N","\N","1028 c 1+2","T","\N","\N","\N","\N","\N","\N","\N","\N","57","\N","\N","1991/92 D. Weber (unter alter Inv.-Nr. 17 - s.d.)","D. Weber, Corpus Inscriptionum Iranicarum III Phalavi Inscriptions: Ostraca, Papyri und Pergamente, London 1992, P. 108,2.","\N","\N","s. eigenen Datensatz","recto","\N","\N","Pahl.","\N","\N","\N","\N","\N","\N","\N","\N","\N","\N","\N","\N","\N","\N"
"\N","\N","\N","b","\N","1616","\N","\N","\N","\N","dokumentarisch","\N","\N","T","\N","\N","\N","\N","\N","|1,0|","alte Inv.-Nr. 1616 b; zwischenzeitlich Pahl 17","1998-07-09","\N","\N","\N","\N","\N","\N","\N","1897","\N","Reinhardt, K.","\N","\N","\N","\N","|2,0|","\N","\N","\N","\N","\N","\N","\N","\N","\N","\N","\N","\N","\N","\N","\N","\N","Pergament","\N","\N","1028 c 1+2","T","\N","\N","\N","\N","\N","\N","\N","\N","57","\N","\N","1991/92 D. Weber (unter alter Inv.-Nr. 17 - s.d.)","D. Weber, Corpus Inscriptionum Iranicarum III Phalavi Inscriptions: Ostraca, Papyri und Pergamente, London 1992, P. 108,2.","\N","\N","s. eigenen Datensatz","verso","\N","\N","Pahl.","\N","\N","\N","\N","\N","\N","\N","\N","\N","\N","\N","\N","\N","\N"
"\N","\N","\N","b","\N","1616","\N","\N","\N","\N","dokumentarisch","\N","\N","T","\N","\N","\N","\N","\N","|1,0|","alte Inv.-Nr. 1616 b; zwischenzeitlich Pahl 17","1998-07-09","\N","\N","\N","\N","\N","\N","\N","1897","\N","Reinhardt, K.","\N","\N","\N","\N","|2,5|","\N","\N","\N","\N","\N","\N","\N","\N","\N","\N","\N","\N","\N","\N","\N","\N","Pergament","\N","\N","1028 c 3+4","T","\N","\N","\N","\N","\N","\N","\N","\N","58","\N","\N","1991/92 D. Weber (unter alter Inv.-Nr. 17 - s.d.)","D. Weber, Corpus Inscriptionum Iranicarum III Phalavi Inscriptions: Ostraca, Papyri und Pergamente, London 1992, P. 108,3.","\N","\N","s. eigenen Datensatz","recto","\N","\N","Pahl.","\N","\N","\N","\N","\N","\N","\N","\N","\N","\N","\N","\N","\N","\N"
"\N","\N","\N","b","\N","1616","\N","\N","\N","\N","dokumentarisch","\N","\N","T","\N","\N","\N","\N","\N","|1,0|","alte Inv.-Nr. 1616 b; zwischenzeitlich Pahl 17","1998-07-09","\N","\N","\N","\N","\N","\N","\N","1897","\N","Reinhardt, K.","\N","\N","\N","\N","|2,5|","\N","\N","\N","\N","\N","\N","\N","\N","\N","\N","\N","\N","\N","\N","\N","\N","Pergament","\N","\N","1028 c 3+4","T","\N","\N","\N","\N","\N","\N","\N","\N","58","\N","\N","1991/92 D. Weber (unter alter Inv.-Nr. 17 - s.d.)","D. Weber, Corpus Inscriptionum Iranicarum III Phalavi Inscriptions: Ostraca, Papyri und Pergamente, London 1992, P. 108,3.","\N","\N","s. eigenen Datensatz","verso","\N","\N","Pahl.","\N","\N","\N","\N","\N","\N","\N","\N","\N","\N","\N","\N","\N","\N"
"\N","\N","\N","b","\N","1616","\N","\N","\N","\N","dokumentarisch","\N","\N","T","\N","\N","\N","\N","\N","||","alte Inv.-Nr. 1616 b; zwischenzeitlich Pahl 17
0,4 x 0,6; 1,5 x 3,5","1998-07-09","\N","\N","\N","\N","\N","\N","\N","1897","\N","Reinhardt, K.","\N","\N","\N","\N","||","\N","\N","\N","\N","\N","\N","\N","\N","\N","\N","\N","\N","\N","\N","\N","\N","Pergament","\N","\N","1028 c 5+6","T","\N","\N","\N","\N","\N","\N","\N","\N","59","\N","\N","1991/92 D. Weber (unter alter Inv.-Nr. 17 - s.d.)","D. Weber, Corpus Inscriptionum Iranicarum III Phalavi Inscriptions: Ostraca, Papyri und Pergamente, London 1992, P. 108,4.","\N","\N","              ","\N","\N","\N","Pahl.","\N","\N","\N","\N","\N","\N","\N","\N","\N","\N","\N","\N","\N","\N"
"\N","\N","\N","b","\N","1616","\N","\N","\N","\N","dokumentarisch","\N","\N","T","\N","\N","\N","\N","\N","|3,0|","\N","1998-07-09","\N","\N","\N","\N","\N","\N","\N","1897","\N","Reinhardt, K.","\N","\N","\N","\N","|3,3|","\N","\N","\N","\N","\N","\N","\N","\N","\N","\N","\N","\N","\N","\N","\N","\N","Papyrus","\N","\N","1028 d 1+2","T","\N","\N","\N","\N","\N","\N","\N","\N","60","\N","\N","1991/92 D. Weber (unter alter Inv.-Nr. 17 - s.d.)","D. Weber, Corpus Inscriptionum Iranicarum III Phalavi Inscriptions: Ostraca, Papyri und Pergamente, London 1992, P. 108,5.","\N","\N","s. eigenen Datensatz","recto","\N","\N","Pahl.","\N","\N","\N","\N","\N","\N","\N","\N","\N","\N","\N","\N","\N","\N"
"\N","\N","\N","b","\N","1616","\N","\N","\N","\N","dokumentarisch","\N","\N","T","\N","\N","\N","\N","\N","|3,0|","\N","1998-07-09","\N","\N","\N","\N","\N","\N","\N","1897","\N","Reinhardt, K.","\N","\N","\N","\N","|3,3|","\N","\N","\N","\N","\N","\N","\N","\N","\N","\N","\N","\N","\N","\N","\N","\N","Papyrus","\N","\N","1028 d 1+2","T","\N","\N","\N","\N","\N","\N","\N","\N","60","\N","\N","1991/92 D. Weber (unter alter Inv.-Nr. 17 - s.d.)","D. Weber, Corpus Inscriptionum Iranicarum III Phalavi Inscriptions: Ostraca, Papyri und Pergamente, London 1992, P. 108,5.","\N","\N","s. eigenen Datensatz","verso","\N","\N","Pahl.","\N","\N","\N","\N","\N","\N","\N","\N","\N","\N","\N","\N","\N","\N"
"\N","\N","\N","\N","\N","644","\N","\N","\N","\N","dokumentarisch","\N","\N","T","\N","\N","fehlt","\N","\N","||","\N","1998-07-09","\N","\N","\N","\N","\N","Geschenk Schott 1904","\N","1904","\N","Schott, F.","\N","\N","\N","\N","||","\N","\N","\N","\N","\N","\N","\N","\N","\N","\N","\N","\N","Becker, VHP III,1 (1906) 8.","\N","\N","\N","Papyrus","\N","\N","\N","T","\N","\N","\N","\N","\N","\N","\N","\N","61","\N","\N","\N","\N","\N","\N","s. eigenen Datensatz","recto","\N","\N","Pahl.","\N","\N","\N","\N","\N","\N","\N","\N","\N","\N","\N","\N","\N","\N"
"\N","\N","\N","b","\N","1616","\N","\N","\N","\N","dokumentarisch","\N","\N","T","\N","\N","\N","\N","\N","|3,0|","5,8 x 3,7; 5,0 x 3,6","1998-07-09","\N","\N","\N","\N","\N","\N","\N","1897","\N","Reinhardt, K.","\N","\N","\N","\N","|3,3|","\N","\N","\N","\N","\N","\N","\N","\N","\N","\N","\N","\N","Fälschung (so Weber im August 1991)","\N","\N","\N","Pergament","\N","\N","1028 d  3+4","T","\N","\N","\N","\N","\N","\N","\N","\N","62","\N","\N","1991/92 D. Weber (unter alter Inv.-Nr. 17 - s.d.)","D. Weber, Corpus Inscriptionum Iranicarum III Phalavi Inscriptions: Ostraca, Papyri und Pergamente, London 1992.","\N","\N","Rückseite frei","Vorderseite","\N","\N","Pahl.","\N","\N","\N","\N","\N","\N","\N","\N","\N","\N","\N","\N","\N","\N"
"\N","\N","\N","\N","\N","\N","\N","\N","\N","\N","dokumentarisch","\N","\N","T","\N","\N","unveröffentlicht","\N","\N","|6,0|","\N","1998-07-09","\N","\N","\N","\N","\N","\N","\N","\N","\N","alter Bestand","\N","\N","\N","\N","|3,5|","\N","\N","\N","\N","\N","\N","\N","\N","\N","\N","\N","\N","\N","\N","\N","\N","Papyrus","\N","\N","1100 a 1-3","T","\N","\N","\N","\N","\N","\N","\N","\N","63","\N","\N","\N","\N","\N","\N","s. eigenen Datensatz","recto","\N","\N","Pahl.","\N","\N","\N","\N","\N","\N","\N","\N","\N","\N","\N","\N","\N","\N"
"\N","\N","\N","\N","\N","\N","\N","\N","\N","\N","dokumentarisch","\N","\N","T","\N","\N","unveröffentlicht","\N","\N","|6,0|","\N","1998-07-09","\N","\N","\N","\N","\N","\N","\N","\N","\N","alter Bestand","\N","\N","\N","\N","|3,5|","\N","\N","\N","\N","\N","\N","\N","\N","\N","\N","\N","\N","\N","\N","\N","\N","Papyrus","\N","\N","1100 a 1-3","T","\N","\N","\N","\N","\N","\N","\N","\N","63","\N","\N","\N","\N","\N","\N","s. eigenen Datensatz","verso","\N","\N","Pahl.","\N","\N","\N","\N","\N","\N","\N","\N","\N","\N","\N","\N","\N","\N"
"\N","\N","\N","\N","\N","\N","\N","\N","\N","\N","dokumentarisch","\N","\N","T","\N","\N","unveröffentlicht","\N","\N","||","3,0 x 4,0; 1,5 x 4,0","1998-07-09","\N","\N","\N","\N","\N","\N","\N","\N","\N","alter Bestand","\N","\N","\N","\N","||","\N","\N","\N","\N","\N","\N","\N","\N","\N","\N","\N","\N","\N","\N","\N","\N","Papyrus","\N","\N","1100 a 1-3","T","\N","\N","\N","\N","\N","\N","\N","\N","64","\N","\N","\N","\N","\N","\N","s. eigenen Datensatz","recto","\N","\N","Pahl.","\N","\N","\N","\N","\N","\N","\N","\N","\N","\N","\N","\N","\N","\N"
"\N","\N","\N","\N","\N","\N","\N","\N","\N","\N","dokumentarisch","\N","\N","T","\N","\N","unveröffentlicht","\N","\N","||","3,0 x 4,0; 1,5 x 4,0","1998-07-09","\N","\N","\N","\N","\N","\N","\N","\N","\N","alter Bestand","\N","\N","\N","\N","||","\N","\N","\N","\N","\N","\N","\N","\N","\N","\N","\N","\N","\N","\N","\N","\N","Papyrus","\N","\N","1100 a 1-3","T","\N","\N","\N","\N","\N","\N","\N","\N","64","\N","\N","\N","\N","\N","\N","s. eigenen Datensatz","verso","\N","\N","Pahl.","\N","\N","\N","\N","\N","\N","\N","\N","\N","\N","\N","\N","\N","\N"
"\N","\N","\N","\N","\N","\N","\N","\N","\N","\N","dokumentarisch","\N","\N","T","\N","\N","unveröffentlicht","\N","\N","|2,0|","\N","1998-07-09","\N","\N","\N","\N","\N","\N","\N","\N","\N","alter Bestand","\N","\N","\N","\N","|9,0|","\N","\N","\N","\N","\N","\N","\N","\N","\N","\N","\N","\N","\N","\N","\N","\N","Papyrus","\N","\N","1100 a 1-3","T","\N","\N","\N","\N","\N","\N","\N","\N","65","\N","\N","\N","\N","\N","\N","Rückseite frei","Vorderseite","\N","\N","Pahl.","\N","\N","\N","\N","\N","\N","\N","\N","\N","\N","\N","\N","\N","\N"
"\N","\N","\N","\N","\N","\N","\N","\N","\N","\N","dokumentarisch","\N","\N","T","\N","\N","unveröffentlicht","\N","\N","|9,5|","\N","1998-07-09","\N","\N","\N","\N","\N","\N","\N","\N","\N","alter Bestand","\N","\N","\N","\N","|10,5|","\N","\N","\N","\N","\N","\N","\N","\N","\N","\N","\N","\N","\N","\N","\N","\N","Papyrus","\N","\N","1100 a 1-3","T","\N","\N","\N","\N","\N","\N","\N","\N","66","\N","\N","\N","\N","\N","\N","s. eigenen Datensatz","recto","\N","\N","Pahl.","\N","\N","\N","\N","\N","\N","\N","\N","\N","\N","\N","\N","\N","\N"
"\N","\N","\N","\N","\N","\N","\N","\N","\N","\N","dokumentarisch","\N","\N","T","\N","\N","unveröffentlicht","\N","\N","|9,5|","\N","1998-07-09","\N","\N","\N","\N","\N","\N","\N","\N","\N","alter Bestand","\N","\N","\N","\N","|10,5|","\N","\N","\N","\N","\N","\N","\N","\N","\N","\N","\N","\N","\N","\N","\N","\N","Papyrus","\N","\N","1100 a 1-3","T","\N","\N","\N","\N","\N","\N","\N","\N","66","\N","\N","\N","\N","\N","\N","s. eigenen Datensatz","verso","\N","\N","Pahl.","\N","\N","\N","\N","\N","\N","\N","\N","\N","\N","\N","\N","\N","\N"
